source,target,source_group,target_group,source_region,target_region,distance,delay_ms,weight,edge_type
0,5,H,H,hypostome,hypostome,7.556959545798512,2,0.92,intra
1,2,H,H,hypostome,hypostome,0.3290102204939245,1,0.92,intra
1,15,H,H,hypostome,hypostome,4.725640434028521,2,0.92,intra
2,15,H,H,hypostome,hypostome,4.430361876603444,2,0.92,intra
3,12,H,H,hypostome,hypostome,5.2908455856936,2,0.92,intra
3,14,H,H,hypostome,hypostome,5.32207810192501,2,0.92,intra
4,3,H,H,hypostome,hypostome,1.2349901639739946,1,0.92,intra
4,8,H,H,hypostome,hypostome,1.887707161082476,1,0.92,intra
7,0,H,H,hypostome,hypostome,3.4910978180974825,1,0.92,intra
7,18,H,H,hypostome,hypostome,6.969908280977654,2,0.92,intra
8,0,H,H,hypostome,hypostome,4.01545135032317,2,0.92,intra
9,13,H,H,hypostome,hypostome,1.7766823669084506,1,0.92,intra
10,3,H,H,hypostome,hypostome,12.327908262056384,3,0.92,intra
10,18,H,H,hypostome,hypostome,6.835018808348947,2,0.92,intra
11,18,H,H,hypostome,hypostome,3.2260074045939544,1,0.92,intra
12,3,H,H,hypostome,hypostome,5.2908455856936,2,0.92,intra
12,15,H,H,hypostome,hypostome,16.566518395932807,3,0.92,intra
13,8,H,H,hypostome,hypostome,7.265189087358216,2,0.92,intra
13,11,H,H,hypostome,hypostome,0.8354308488996868,1,0.92,intra
14,6,H,H,hypostome,hypostome,6.974561447218624,2,0.92,intra
14,18,H,H,hypostome,hypostome,2.8556079424334775,1,0.92,intra
15,13,H,H,hypostome,hypostome,4.787452322922045,2,0.92,intra
15,18,H,H,hypostome,hypostome,6.4260412548428,2,0.92,intra
16,7,H,H,hypostome,hypostome,8.2497126284019,2,0.92,intra
17,15,H,H,hypostome,hypostome,3.7188805817492416,1,0.92,intra
18,2,H,H,hypostome,hypostome,7.793074726895433,2,0.92,intra
18,17,H,H,hypostome,hypostome,2.724896452663501,1,0.92,intra
19,0,H,H,hypostome,hypostome,9.399941033293791,2,0.92,intra
19,16,H,H,hypostome,hypostome,1.5919964857424171,1,0.92,intra
21,5,H,H,hypostome,hypostome,5.334171515296679,2,0.92,intra
23,39,B1,B1,column,column,17.681201571700253,3,0.94,intra
24,23,B1,B1,column,column,1.8149244084696297,1,0.94,intra
25,31,B1,B1,column,column,7.719198403306336,2,0.94,intra
27,30,B1,B1,column,column,6.084511721056389,2,0.94,intra
29,36,B1,B1,column,column,21.853973154123256,4,0.94,intra
30,27,B1,B1,column,column,6.084511721056389,2,0.94,intra
30,36,B1,B1,column,column,12.862837399651522,3,0.94,intra
32,29,B1,B1,column,column,13.653821343407483,3,0.94,intra
33,31,B1,B1,column,column,5.289865478600953,2,0.94,intra
35,32,B1,B1,column,column,3.5851340694339986,1,0.94,intra
40,30,B1,B1,column,column,11.659633473460046,3,0.94,intra
40,35,B1,B1,column,column,5.954617787636875,2,0.94,intra
40,39,B1,B1,column,column,5.62620705134792,2,0.94,intra
41,30,B1,B1,column,column,12.363008222876358,3,0.94,intra
41,57,B1,B1,column,column,19.088053776864644,3,0.94,intra
42,24,B1,B1,column,column,21.54307498445174,4,0.94,intra
42,38,B1,B1,column,column,4.861999623953549,2,0.94,intra
43,46,B1,B1,column,column,3.9516688975245433,1,0.94,intra
44,37,B1,B1,column,column,13.557710634000271,3,0.94,intra
44,45,B1,B1,column,column,2.3984021231556047,1,0.94,intra
46,35,B1,B1,column,column,12.713434851076967,3,0.94,intra
46,38,B1,B1,column,column,17.31898064732567,3,0.94,intra
47,30,B1,B1,column,column,19.045135208752228,3,0.94,intra
48,33,B1,B1,column,column,17.09522693072207,3,0.94,intra
49,38,B1,B1,column,column,12.037594047009971,3,0.94,intra
51,48,B1,B1,column,column,5.227903764683682,2,0.94,intra
53,52,B1,B1,column,column,18.028405782155698,3,0.94,intra
53,56,B1,B1,column,column,8.596010415363294,2,0.94,intra
53,57,B1,B1,column,column,4.133086361973388,2,0.94,intra
54,48,B1,B1,column,column,6.976172338725975,2,0.94,intra
54,61,B1,B1,column,column,10.090600850656543,3,0.94,intra
57,53,B1,B1,column,column,4.133086361973388,2,0.94,intra
58,44,B1,B1,column,column,20.670407150231924,4,0.94,intra
59,50,B1,B1,column,column,15.23247515998063,3,0.94,intra
60,53,B1,B1,column,column,7.587008536025169,2,0.94,intra
62,69,B2,B2,column,column,9.28180026269914,2,0.98,intra
63,64,B2,B2,column,column,0.6902277159728482,1,0.98,intra
64,70,B2,B2,column,column,3.751343533979227,1,0.98,intra
64,83,B2,B2,column,column,12.166549596257479,3,0.98,intra
64,119,B2,B2,column,column,33.99265000533272,4,0.98,intra
65,63,B2,B2,column,column,1.4889360835488004,1,0.98,intra
66,64,B2,B2,column,column,5.467397050329684,2,0.98,intra
66,99,B2,B2,column,column,20.596825851964446,4,0.98,intra
67,70,B2,B2,column,column,5.3384587767507155,2,0.98,intra
68,88,B2,B2,column,column,11.77217821945466,3,0.98,intra
68,96,B2,B2,column,column,15.994266231843225,3,0.98,intra
69,75,B2,B2,column,column,7.094113904508069,2,0.98,intra
69,83,B2,B2,column,column,15.39302026201617,3,0.98,intra
71,76,B2,B2,column,column,8.966874783455015,2,0.98,intra
71,77,B2,B2,column,column,4.455636887490779,2,0.98,intra
71,104,B2,B2,column,column,20.171247993855033,4,0.98,intra
72,67,B2,B2,column,column,4.160249778291023,2,0.98,intra
72,75,B2,B2,column,column,3.7101770479784624,1,0.98,intra
72,87,B2,B2,column,column,9.390360626170542,2,0.98,intra
73,79,B2,B2,column,column,3.7698382059401863,1,0.98,intra
73,99,B2,B2,column,column,19.78412242635264,3,0.98,intra
74,82,B2,B2,column,column,13.91624641981719,3,0.98,intra
74,85,B2,B2,column,column,23.314761309409512,4,0.98,intra
74,97,B2,B2,column,column,21.968914130905233,4,0.98,intra
75,63,B2,B2,column,column,9.815039796157846,2,0.98,intra
75,65,B2,B2,column,column,9.294680472607656,2,0.98,intra
76,82,B2,B2,column,column,9.398496071547374,2,0.98,intra
76,97,B2,B2,column,column,12.730502311483402,3,0.98,intra
76,109,B2,B2,column,column,20.528858193210617,4,0.98,intra
77,62,B2,B2,column,column,12.880938219514894,3,0.98,intra
77,83,B2,B2,column,column,12.504106506901437,3,0.98,intra
77,84,B2,B2,column,column,7.117919622361213,2,0.98,intra
77,98,B2,B2,column,column,14.414698298372706,3,0.98,intra
79,77,B2,B2,column,column,2.9940469374995007,1,0.98,intra
79,78,B2,B2,column,column,3.709323944907554,1,0.98,intra
79,87,B2,B2,column,column,15.473300875464377,3,0.98,intra
79,100,B2,B2,column,column,13.008491757114317,3,0.98,intra
79,114,B2,B2,column,column,21.143102722319007,4,0.98,intra
80,76,B2,B2,column,column,8.188676570972099,2,0.98,intra
80,82,B2,B2,column,column,1.4676463814593255,1,0.98,intra
80,96,B2,B2,column,column,14.852352408640334,3,0.98,intra
81,68,B2,B2,column,column,7.701561981313855,2,0.98,intra
82,79,B2,B2,column,column,2.572462920094099,1,0.98,intra
84,86,B2,B2,column,column,2.107780895843687,1,0.98,intra
87,96,B2,B2,column,column,4.934983113510228,2,0.98,intra
88,73,B2,B2,column,column,11.960192375554492,3,0.98,intra
88,74,B2,B2,column,column,10.745226992459763,3,0.98,intra
88,79,B2,B2,column,column,9.163551197468262,2,0.98,intra
88,86,B2,B2,column,column,12.401167555745655,3,0.98,intra
88,99,B2,B2,column,column,8.06114854041869,2,0.98,intra
90,93,B2,B2,column,column,5.269188913971821,2,0.98,intra
90,95,B2,B2,column,column,16.64392149267663,3,0.98,intra
91,77,B2,B2,column,column,8.448452146846172,2,0.98,intra
91,81,B2,B2,column,column,11.953301181010904,3,0.98,intra
91,88,B2,B2,column,column,7.285931585289454,2,0.98,intra
91,90,B2,B2,column,column,12.350224765222874,3,0.98,intra
92,75,B2,B2,column,column,15.574609174855985,3,0.98,intra
92,86,B2,B2,column,column,3.9513529048366918,1,0.98,intra
92,105,B2,B2,column,column,8.762571972245013,2,0.98,intra
93,82,B2,B2,column,column,9.536251901746578,2,0.98,intra
93,92,B2,B2,column,column,11.650502929991346,3,0.98,intra
93,98,B2,B2,column,column,13.822915108426178,3,0.98,intra
93,103,B2,B2,column,column,7.540007678465015,2,0.98,intra
93,110,B2,B2,column,column,16.509441055155083,3,0.98,intra
95,97,B2,B2,column,column,1.0912146129621207,1,0.98,intra
95,98,B2,B2,column,column,2.596422641063743,1,0.98,intra
95,100,B2,B2,column,column,6.392384555371737,2,0.98,intra
95,105,B2,B2,column,column,7.418162213448593,2,0.98,intra
96,88,B2,B2,column,column,6.9059808143261305,2,0.98,intra
96,89,B2,B2,column,column,5.741902740115736,2,0.98,intra
96,113,B2,B2,column,column,10.687261550221233,3,0.98,intra
97,98,B2,B2,column,column,2.884811066035801,1,0.98,intra
97,101,B2,B2,column,column,3.938307565459978,1,0.98,intra
97,102,B2,B2,column,column,5.22036923007391,2,0.98,intra
98,116,B2,B2,column,column,13.679848004101382,3,0.98,intra
99,95,B2,B2,column,column,14.697844280450116,3,0.98,intra
99,96,B2,B2,column,column,3.053617331967819,1,0.98,intra
100,95,B2,B2,column,column,6.392384555371737,2,0.98,intra
100,96,B2,B2,column,column,11.10774391900579,3,0.98,intra
100,101,B2,B2,column,column,1.5756431902707126,1,0.98,intra
100,104,B2,B2,column,column,2.9871386152076136,1,0.98,intra
100,120,B2,B2,column,column,12.332057349243783,3,0.98,intra
101,95,B2,B2,column,column,5.017572035004961,2,0.98,intra
101,121,B2,B2,column,column,12.426019675270545,3,0.98,intra
102,96,B2,B2,column,column,12.20926700754746,3,0.98,intra
103,74,B2,B2,column,column,16.896121445148154,3,0.98,intra
104,69,B2,B2,column,column,21.085551053489514,4,0.98,intra
104,88,B2,B2,column,column,12.607155751784228,3,0.98,intra
104,93,B2,B2,column,column,10.371736421018207,3,0.98,intra
104,114,B2,B2,column,column,6.174362211540822,2,0.98,intra
105,116,B2,B2,column,column,6.857610207657626,2,0.98,intra
107,78,B2,B2,column,column,17.59235664554143,3,0.98,intra
108,97,B2,B2,column,column,12.6842628758709,3,0.98,intra
108,103,B2,B2,column,column,6.291014261943726,2,0.98,intra
108,110,B2,B2,column,column,13.036086282006424,3,0.98,intra
109,94,B2,B2,column,column,9.894150474455232,2,0.98,intra
109,102,B2,B2,column,column,5.008286644724991,2,0.98,intra
109,103,B2,B2,column,column,15.481190681217534,3,0.98,intra
110,86,B2,B2,column,column,14.490101917338091,3,0.98,intra
110,90,B2,B2,column,column,21.680695095930133,4,0.98,intra
110,114,B2,B2,column,column,5.780628371551979,2,0.98,intra
112,91,B2,B2,column,column,16.274866651585086,3,0.98,intra
112,103,B2,B2,column,column,5.168747108006971,2,0.98,intra
113,87,B2,B2,column,column,14.973658192730763,3,0.98,intra
114,90,B2,B2,column,column,19.384046123598043,3,0.98,intra
114,94,B2,B2,column,column,13.44084600480622,3,0.98,intra
114,116,B2,B2,column,column,2.3902316566899047,1,0.98,intra
116,90,B2,B2,column,column,18.999401135238127,3,0.98,intra
116,109,B2,B2,column,column,5.738694118486027,2,0.98,intra
117,98,B2,B2,column,column,11.356611570421892,3,0.98,intra
118,105,B2,B2,column,column,10.083921486932807,3,0.98,intra
118,119,B2,B2,column,column,3.0741346180837117,1,0.98,intra
118,121,B2,B2,column,column,6.808591081163064,2,0.98,intra
119,93,B2,B2,column,column,15.438903295885329,3,0.98,intra
119,99,B2,B2,column,column,11.915990658793158,3,0.98,intra
120,106,B2,B2,column,column,12.60234131897543,3,0.98,intra
122,124,P,P,peduncle,peduncle,3.9079045837883126,1,1.22,intra
122,128,P,P,peduncle,peduncle,5.334053838536115,2,1.22,intra
122,129,P,P,peduncle,peduncle,6.696034260222003,2,1.22,intra
122,131,P,P,peduncle,peduncle,11.985912711406009,3,1.22,intra
122,158,P,P,peduncle,peduncle,8.045172283249492,2,1.22,intra
123,129,P,P,peduncle,peduncle,2.7556343613775613,1,1.22,intra
123,130,P,P,peduncle,peduncle,3.4960109420763703,1,1.22,intra
125,123,P,P,peduncle,peduncle,11.238272191456952,3,1.22,intra
125,157,P,P,peduncle,peduncle,2.258832871354277,1,1.22,intra
125,164,P,P,peduncle,peduncle,4.966120893980915,2,1.22,intra
125,169,P,P,peduncle,peduncle,5.730700929499268,2,1.22,intra
126,130,P,P,peduncle,peduncle,7.393806152622905,2,1.22,intra
126,139,P,P,peduncle,peduncle,2.0821007331444696,1,1.22,intra
126,156,P,P,peduncle,peduncle,1.7098608690823132,1,1.22,intra
126,159,P,P,peduncle,peduncle,12.059815016545633,3,1.22,intra
126,162,P,P,peduncle,peduncle,3.1841271287080812,1,1.22,intra
126,167,P,P,peduncle,peduncle,7.933030590260351,2,1.22,intra
127,133,P,P,peduncle,peduncle,5.724619165335631,2,1.22,intra
127,137,P,P,peduncle,peduncle,4.955257924175885,2,1.22,intra
127,152,P,P,peduncle,peduncle,2.2233237666580536,1,1.22,intra
127,159,P,P,peduncle,peduncle,0.1629603704880575,1,1.22,intra
127,161,P,P,peduncle,peduncle,1.824300177548314,1,1.22,intra
127,165,P,P,peduncle,peduncle,4.086733914488233,2,1.22,intra
128,122,P,P,peduncle,peduncle,5.334053838536115,2,1.22,intra
128,129,P,P,peduncle,peduncle,1.9469347537295838,1,1.22,intra
128,141,P,P,peduncle,peduncle,3.2512726186100003,1,1.22,intra
128,150,P,P,peduncle,peduncle,3.9345210941957998,1,1.22,intra
128,168,P,P,peduncle,peduncle,3.0086216430106383,1,1.22,intra
129,128,P,P,peduncle,peduncle,1.9469347537295838,1,1.22,intra
129,132,P,P,peduncle,peduncle,9.427386068519766,2,1.22,intra
129,135,P,P,peduncle,peduncle,3.231038374942759,1,1.22,intra
129,139,P,P,peduncle,peduncle,2.7349129620702497,1,1.22,intra
129,162,P,P,peduncle,peduncle,2.5428981840906144,1,1.22,intra
129,164,P,P,peduncle,peduncle,7.523409041154281,2,1.22,intra
129,166,P,P,peduncle,peduncle,10.92501589859943,3,1.22,intra
129,169,P,P,peduncle,peduncle,8.351641909251388,2,1.22,intra
131,135,P,P,peduncle,peduncle,11.238303472081178,3,1.22,intra
131,140,P,P,peduncle,peduncle,2.032664905891236,1,1.22,intra
131,148,P,P,peduncle,peduncle,7.746288268996805,2,1.22,intra
131,164,P,P,peduncle,peduncle,0.7203896003429626,1,1.22,intra
131,170,P,P,peduncle,peduncle,11.302400758954933,3,1.22,intra
132,129,P,P,peduncle,peduncle,9.427386068519766,2,1.22,intra
132,155,P,P,peduncle,peduncle,6.679502240589415,2,1.22,intra
132,171,P,P,peduncle,peduncle,15.255473429951206,3,1.22,intra
133,131,P,P,peduncle,peduncle,2.509146429362704,1,1.22,intra
134,163,P,P,peduncle,peduncle,1.511279590418221,1,1.22,intra
135,128,P,P,peduncle,peduncle,4.866030059409756,2,1.22,intra
135,162,P,P,peduncle,peduncle,1.8058519750923765,1,1.22,intra
135,173,P,P,peduncle,peduncle,3.3166290007075725,1,1.22,intra
136,125,P,P,peduncle,peduncle,3.6663319652423327,1,1.22,intra
136,137,P,P,peduncle,peduncle,4.930845308603229,2,1.22,intra
136,154,P,P,peduncle,peduncle,11.646204604223069,3,1.22,intra
137,133,P,P,peduncle,peduncle,1.9866866072875642,1,1.22,intra
137,143,P,P,peduncle,peduncle,2.5338069639290612,1,1.22,intra
138,123,P,P,peduncle,peduncle,7.904560429696618,2,1.22,intra
138,133,P,P,peduncle,peduncle,5.375253150699431,2,1.22,intra
139,130,P,P,peduncle,peduncle,6.358234183918443,2,1.22,intra
139,169,P,P,peduncle,peduncle,9.27591648756481,2,1.22,intra
140,134,P,P,peduncle,peduncle,8.374665026510169,2,1.22,intra
140,143,P,P,peduncle,peduncle,0.5953794674147964,1,1.22,intra
141,122,P,P,peduncle,peduncle,2.6314341166222084,1,1.22,intra
141,123,P,P,peduncle,peduncle,2.8849381195255654,1,1.22,intra
141,128,P,P,peduncle,peduncle,3.2512726186100003,1,1.22,intra
141,130,P,P,peduncle,peduncle,2.790771000625279,1,1.22,intra
141,131,P,P,peduncle,peduncle,9.354478601272243,2,1.22,intra
141,138,P,P,peduncle,peduncle,6.81334707340466,2,1.22,intra
141,146,P,P,peduncle,peduncle,4.383019526232938,2,1.22,intra
141,169,P,P,peduncle,peduncle,9.034395691343956,2,1.22,intra
141,171,P,P,peduncle,peduncle,7.127999804724654,2,1.22,intra
142,122,P,P,peduncle,peduncle,0.5845475607017988,1,1.22,intra
142,123,P,P,peduncle,peduncle,3.430563663440931,1,1.22,intra
143,130,P,P,peduncle,peduncle,8.161636513033557,2,1.22,intra
143,140,P,P,peduncle,peduncle,0.5953794674147964,1,1.22,intra
143,163,P,P,peduncle,peduncle,7.780420340275767,2,1.22,intra
144,131,P,P,peduncle,peduncle,10.616739718997039,3,1.22,intra
144,151,P,P,peduncle,peduncle,0.4335380211287734,1,1.22,intra
144,152,P,P,peduncle,peduncle,6.257990172159308,2,1.22,intra
144,161,P,P,peduncle,peduncle,4.883287832584732,2,1.22,intra
144,163,P,P,peduncle,peduncle,8.469751002904927,2,1.22,intra
145,139,P,P,peduncle,peduncle,5.804585048862455,2,1.22,intra
146,126,P,P,peduncle,peduncle,10.40298386624908,3,1.22,intra
146,160,P,P,peduncle,peduncle,3.3829978020478277,1,1.22,intra
146,168,P,P,peduncle,peduncle,6.8836017429316625,2,1.22,intra
146,170,P,P,peduncle,peduncle,23.184928572068397,4,1.22,intra
146,171,P,P,peduncle,peduncle,3.9225155671784617,1,1.22,intra
147,127,P,P,peduncle,peduncle,5.3607984588273165,2,1.22,intra
147,132,P,P,peduncle,peduncle,8.034823277226032,2,1.22,intra
147,144,P,P,peduncle,peduncle,0.8879561001728754,1,1.22,intra
148,130,P,P,peduncle,peduncle,4.700995762379139,2,1.22,intra
148,141,P,P,peduncle,peduncle,6.315997442362937,2,1.22,intra
148,142,P,P,peduncle,peduncle,7.539099873236915,2,1.22,intra
148,166,P,P,peduncle,peduncle,9.68795291104883,2,1.22,intra
148,168,P,P,peduncle,peduncle,5.735023171631375,2,1.22,intra
149,148,P,P,peduncle,peduncle,5.7019344204202875,2,1.22,intra
149,168,P,P,peduncle,peduncle,2.632005778458597,1,1.22,intra
150,123,P,P,peduncle,peduncle,1.964559334179081,1,1.22,intra
150,149,P,P,peduncle,peduncle,3.6714583135967738,1,1.22,intra
150,168,P,P,peduncle,peduncle,6.0069983405580665,2,1.22,intra
151,128,P,P,peduncle,peduncle,16.382124021595622,3,1.22,intra
151,132,P,P,peduncle,peduncle,8.87155192544418,2,1.22,intra
152,155,P,P,peduncle,peduncle,4.563904854474596,2,1.22,intra
152,163,P,P,peduncle,peduncle,2.2180489616324075,1,1.22,intra
153,123,P,P,peduncle,peduncle,5.173463932648409,2,1.22,intra
154,159,P,P,peduncle,peduncle,3.6378451799830054,1,1.22,intra
154,164,P,P,peduncle,peduncle,8.78224794146294,2,1.22,intra
155,144,P,P,peduncle,peduncle,2.278245677045732,1,1.22,intra
155,166,P,P,peduncle,peduncle,3.297092664335126,1,1.22,intra
156,130,P,P,peduncle,peduncle,7.399141895389775,2,1.22,intra
156,137,P,P,peduncle,peduncle,7.129083581441256,2,1.22,intra
156,150,P,P,peduncle,peduncle,9.1930435057212,2,1.22,intra
156,172,P,P,peduncle,peduncle,7.5573856854226396,2,1.22,intra
157,126,P,P,peduncle,peduncle,4.679275107246427,2,1.22,intra
157,132,P,P,peduncle,peduncle,5.9802334550554965,2,1.22,intra
157,140,P,P,peduncle,peduncle,8.207132134544985,2,1.22,intra
157,158,P,P,peduncle,peduncle,7.507628852610157,2,1.22,intra
157,164,P,P,peduncle,peduncle,6.523119620360565,2,1.22,intra
157,170,P,P,peduncle,peduncle,9.35291861666709,2,1.22,intra
158,128,P,P,peduncle,peduncle,3.5155275757347577,1,1.22,intra
158,138,P,P,peduncle,peduncle,8.455213681044395,2,1.22,intra
158,139,P,P,peduncle,peduncle,1.2415857550565248,1,1.22,intra
158,143,P,P,peduncle,peduncle,11.099111561669362,3,1.22,intra
158,156,P,P,peduncle,peduncle,4.374484975086715,2,1.22,intra
158,173,P,P,peduncle,peduncle,5.464465031859546,2,1.22,intra
159,140,P,P,peduncle,peduncle,5.35911996932857,2,1.22,intra
159,149,P,P,peduncle,peduncle,15.382519996568417,3,1.22,intra
159,152,P,P,peduncle,peduncle,2.370547486084373,1,1.22,intra
159,154,P,P,peduncle,peduncle,3.6378451799830054,1,1.22,intra
159,168,P,P,peduncle,peduncle,13.01465862986216,3,1.22,intra
160,122,P,P,peduncle,peduncle,0.7321116677793549,1,1.22,intra
160,124,P,P,peduncle,peduncle,3.39269273001819,1,1.22,intra
160,149,P,P,peduncle,peduncle,2.570348199437427,1,1.22,intra
160,163,P,P,peduncle,peduncle,20.376792258192825,4,1.22,intra
161,122,P,P,peduncle,peduncle,17.992269781087373,3,1.22,intra
161,125,P,P,peduncle,peduncle,4.581642642799486,2,1.22,intra
161,154,P,P,peduncle,peduncle,5.45619084354652,2,1.22,intra
161,159,P,P,peduncle,peduncle,1.832441041354535,1,1.22,intra
161,165,P,P,peduncle,peduncle,4.435841279034305,2,1.22,intra
162,146,P,P,peduncle,peduncle,7.499011890132001,2,1.22,intra
162,148,P,P,peduncle,peduncle,2.092821537362927,1,1.22,intra
162,168,P,P,peduncle,peduncle,7.42308046554975,2,1.22,intra
164,129,P,P,peduncle,peduncle,7.523409041154281,2,1.22,intra
164,136,P,P,peduncle,peduncle,3.988366087831952,1,1.22,intra
164,142,P,P,peduncle,peduncle,10.820319911417572,3,1.22,intra
164,156,P,P,peduncle,peduncle,6.400896808083653,2,1.22,intra
165,127,P,P,peduncle,peduncle,4.086733914488233,2,1.22,intra
165,161,P,P,peduncle,peduncle,4.435841279034305,2,1.22,intra
165,163,P,P,peduncle,peduncle,4.092628250922595,2,1.22,intra
165,167,P,P,peduncle,peduncle,7.9080334993539685,2,1.22,intra
166,144,P,P,peduncle,peduncle,4.604651251940217,2,1.22,intra
166,158,P,P,peduncle,peduncle,10.51318256038728,3,1.22,intra
167,126,P,P,peduncle,peduncle,7.933030590260351,2,1.22,intra
167,173,P,P,peduncle,peduncle,14.54474065398637,3,1.22,intra
168,129,P,P,peduncle,peduncle,4.8854655204238435,2,1.22,intra
168,133,P,P,peduncle,peduncle,8.16307317810364,2,1.22,intra
168,149,P,P,peduncle,peduncle,2.632005778458597,1,1.22,intra
168,170,P,P,peduncle,peduncle,17.72744276623682,3,1.22,intra
169,144,P,P,peduncle,peduncle,11.319139598771347,3,1.22,intra
169,162,P,P,peduncle,peduncle,10.051583559991375,3,1.22,intra
170,132,P,P,peduncle,peduncle,9.443848196991523,2,1.22,intra
170,157,P,P,peduncle,peduncle,9.35291861666709,2,1.22,intra
171,122,P,P,peduncle,peduncle,6.446297067693216,2,1.22,intra
171,136,P,P,peduncle,peduncle,10.898293935312532,3,1.22,intra
171,150,P,P,peduncle,peduncle,3.0231562514429497,1,1.22,intra
171,168,P,P,peduncle,peduncle,8.942538457587892,2,1.22,intra
172,122,P,P,peduncle,peduncle,7.291888077814858,2,1.22,intra
172,146,P,P,peduncle,peduncle,5.420855817447563,2,1.22,intra
172,150,P,P,peduncle,peduncle,3.4064466275646135,1,1.22,intra
172,162,P,P,peduncle,peduncle,2.901159683413261,1,1.22,intra
173,156,P,P,peduncle,peduncle,8.58219171156407,2,1.22,intra
173,168,P,P,peduncle,peduncle,11.151117956513803,3,1.22,intra
1,56,H,B1,hypostome,column,10.207853876113544,3,1.1,feedforward
2,45,H,B1,hypostome,column,23.555092820806962,4,1.1,feedforward
2,61,H,B1,hypostome,column,11.456657358730663,3,1.1,feedforward
4,28,H,B1,hypostome,column,38.116765873997274,4,1.1,feedforward
4,51,H,B1,hypostome,column,15.649687004478013,3,1.1,feedforward
4,56,H,B1,hypostome,column,5.5604350768531505,2,1.1,feedforward
5,60,H,B1,hypostome,column,3.463455453736226,1,1.1,feedforward
6,59,H,B1,hypostome,column,2.3005451756351034,1,1.1,feedforward
7,46,H,B1,hypostome,column,18.02606653397183,3,1.1,feedforward
7,55,H,B1,hypostome,column,11.874726384857821,3,1.1,feedforward
7,56,H,B1,hypostome,column,7.221968585058687,2,1.1,feedforward
7,61,H,B1,hypostome,column,1.6267488737248503,1,1.1,feedforward
10,48,H,B1,hypostome,column,24.363361385673898,4,1.1,feedforward
11,43,H,B1,hypostome,column,22.864242901836445,4,1.1,feedforward
13,53,H,B1,hypostome,column,17.729747463431927,3,1.1,feedforward
13,61,H,B1,hypostome,column,8.252759616404836,2,1.1,feedforward
16,53,H,B1,hypostome,column,13.329900739887206,3,1.1,feedforward
20,54,H,B1,hypostome,column,14.739279596862644,3,1.1,feedforward
21,57,H,B1,hypostome,column,10.528849152508803,3,1.1,feedforward
22,62,B1,B2,column,column,0.7691355534414684,1,0.96,feedforward
23,77,B1,B2,column,column,8.467580915405913,2,0.96,feedforward
24,76,B1,B2,column,column,10.991708308225355,3,0.96,feedforward
25,69,B1,B2,column,column,4.666722244356003,2,0.96,feedforward
27,96,B1,B2,column,column,14.398045820398792,3,0.96,feedforward
30,77,B1,B2,column,column,1.9195006755088337,1,0.96,feedforward
31,76,B1,B2,column,column,9.495905135149789,2,0.96,feedforward
32,83,B1,B2,column,column,7.090041958248286,2,0.96,feedforward
33,78,B1,B2,column,column,2.5326437769410024,1,0.96,feedforward
33,88,B1,B2,column,column,10.459369233611696,3,0.96,feedforward
35,79,B1,B2,column,column,7.977755161807433,2,0.96,feedforward
38,77,B1,B2,column,column,13.30959323150029,3,0.96,feedforward
39,83,B1,B2,column,column,15.98664041401027,3,0.96,feedforward
39,94,B1,B2,column,column,4.921247012445918,2,0.96,feedforward
39,97,B1,B2,column,column,2.9960424417155207,1,0.96,feedforward
39,104,B1,B2,column,column,6.243233783723313,2,0.96,feedforward
39,107,B1,B2,column,column,9.13705531088249,2,0.96,feedforward
42,94,B1,B2,column,column,3.202285394712968,1,0.96,feedforward
43,97,B1,B2,column,column,10.484048121416926,3,0.96,feedforward
47,92,B1,B2,column,column,11.55277853989921,3,0.96,feedforward
47,103,B1,B2,column,column,10.585263962516732,3,0.96,feedforward
49,71,B1,B2,column,column,25.834772038344635,4,0.96,feedforward
49,88,B1,B2,column,column,19.963074354746364,3,0.96,feedforward
50,120,B1,B2,column,column,8.218677011313966,2,0.96,feedforward
51,101,B1,B2,column,column,11.784161227369271,3,0.96,feedforward
51,116,B1,B2,column,column,8.875954879566342,2,0.96,feedforward
55,113,B1,B2,column,column,7.073260616262954,2,0.96,feedforward
55,116,B1,B2,column,column,11.157884631915323,3,0.96,feedforward
59,110,B1,B2,column,column,13.816413967960223,3,0.96,feedforward
62,158,B2,P,column,peduncle,4.0076939088419214,2,0.96,feedback
67,155,B2,P,column,peduncle,3.0649082331864506,1,0.96,feedback
71,146,B2,P,column,peduncle,13.7112542584211,3,0.96,feedback
71,148,B2,P,column,peduncle,6.762390941168464,2,0.96,feedback
72,131,B2,P,column,peduncle,13.530481519036762,3,0.96,feedback
76,172,B2,P,column,peduncle,8.27251237076253,2,0.96,feedback
93,162,B2,P,column,peduncle,21.42667190826336,4,0.96,feedback
101,155,B2,P,column,peduncle,25.191339916954156,4,0.96,feedback
22,139,B1,P,column,peduncle,3.9417329709837055,1,1.05,feedforward
22,149,B1,P,column,peduncle,6.2573384712250535,2,1.05,feedforward
22,171,B1,P,column,peduncle,2.7859399828337126,1,1.05,feedforward
23,129,B1,P,column,peduncle,4.247104724080976,2,1.05,feedforward
23,140,B1,P,column,peduncle,10.102441148496014,3,1.05,feedforward
23,156,B1,P,column,peduncle,1.6626749697760175,1,1.05,feedforward
24,125,B1,P,column,peduncle,4.802516920068204,2,1.05,feedforward
24,126,B1,P,column,peduncle,1.7612335025560646,1,1.05,feedforward
24,140,B1,P,column,peduncle,9.631992056507446,2,1.05,feedforward
24,169,B1,P,column,peduncle,8.356095526016482,2,1.05,feedforward
25,131,B1,P,column,peduncle,8.800351878054336,2,1.05,feedforward
25,143,B1,P,column,peduncle,10.576069871823305,3,1.05,feedforward
25,144,B1,P,column,peduncle,5.810228443666414,2,1.05,feedforward
25,167,B1,P,column,peduncle,1.8990965652132539,1,1.05,feedforward
25,170,B1,P,column,peduncle,7.9889877360713575,2,1.05,feedforward
26,136,B1,P,column,peduncle,6.672925345963988,2,1.05,feedforward
26,145,B1,P,column,peduncle,12.652599975328934,3,1.05,feedforward
26,169,B1,P,column,peduncle,10.5133394476038,3,1.05,feedforward
28,165,B1,P,column,peduncle,8.477035170965292,2,1.05,feedforward
31,128,B1,P,column,peduncle,14.646805052438888,3,1.05,feedforward
34,155,B1,P,column,peduncle,13.790525597952522,3,1.05,feedforward
126,69,P,B2,peduncle,column,3.304815589832836,1,0.9,feedforward
128,62,P,B2,peduncle,column,5.544532871987558,2,0.9,feedforward
132,63,P,B2,peduncle,column,9.20125455108616,2,0.9,feedforward
133,71,P,B2,peduncle,column,8.966856293750617,2,0.9,feedforward
135,71,P,B2,peduncle,column,7.60655247787593,2,0.9,feedforward
135,73,P,B2,peduncle,column,7.157134881382955,2,0.9,feedforward
136,71,P,B2,peduncle,column,6.666751362888493,2,0.9,feedforward
139,69,P,B2,peduncle,column,5.145867365811807,2,0.9,feedforward
144,65,P,B2,peduncle,column,2.9127525689135445,1,0.9,feedforward
144,75,P,B2,peduncle,column,6.832618998376754,2,0.9,feedforward
147,67,P,B2,peduncle,column,2.74735548529552,1,0.9,feedforward
147,72,P,B2,peduncle,column,4.9886683023279,2,0.9,feedforward
148,76,P,B2,peduncle,column,10.812641414273209,3,0.9,feedforward
151,68,P,B2,peduncle,column,2.5071475643196153,1,0.9,feedforward
154,64,P,B2,peduncle,column,8.160296455222129,2,0.9,feedforward
155,64,P,B2,peduncle,column,3.563638441149028,1,0.9,feedforward
159,64,P,B2,peduncle,column,6.084526742655939,2,0.9,feedforward
161,70,P,B2,peduncle,column,7.9847994197159045,2,0.9,feedforward
165,63,P,B2,peduncle,column,2.253904630318327,1,0.9,feedforward
166,66,P,B2,peduncle,column,2.103832546196645,1,0.9,feedforward
166,71,P,B2,peduncle,column,8.077538671834144,2,0.9,feedforward
166,74,P,B2,peduncle,column,10.043680195682516,3,0.9,feedforward
167,67,P,B2,peduncle,column,1.6313495740824426,1,0.9,feedforward
167,69,P,B2,peduncle,column,6.440261826351002,2,0.9,feedforward
167,72,P,B2,peduncle,column,5.496082216217792,2,0.9,feedforward
168,62,P,B2,peduncle,column,8.382325851072535,2,0.9,feedforward
68,35,B2,B1,column,column,11.16664886295371,3,0.55,feedback
70,28,B2,B1,column,column,1.9346130783067985,1,0.55,feedback
71,25,B2,B1,column,column,5.434088197901374,2,0.55,feedback
75,42,B2,B1,column,column,19.705052562163104,3,0.55,feedback
81,26,B2,B1,column,column,9.034579506813957,2,0.55,feedback
81,35,B2,B1,column,column,5.034872108295513,2,0.55,feedback
81,46,B2,B1,column,column,15.755872642310893,3,0.55,feedback
89,32,B2,B1,column,column,5.537865826281569,2,0.55,feedback
93,60,B2,B1,column,column,25.86617403714855,4,0.55,feedback
94,53,B2,B1,column,column,15.965209728704059,3,0.55,feedback
98,33,B2,B1,column,column,9.823311461652807,2,0.55,feedback
100,48,B2,B1,column,column,7.481341121893098,2,0.55,feedback
104,44,B2,B1,column,column,1.9199497100063718,1,0.55,feedback
109,28,B2,B1,column,column,27.22265071167179,4,0.55,feedback
121,53,B2,B1,column,column,2.379222537261125,1,0.55,feedback
55,11,B1,H,column,hypostome,8.792939041297606,2,0.55,feedback
